{
	"credit": "Made with Blockbench",
	"textures": {
		"0": "block/oak_log_top",
		"1": "block/oak_log",
		"2": "block/campfire_fire",
		"particle": "block/oak_log_top"
	},
	"elements": [
		{
			"from": [-2, 0, 6.5],
			"to": [18, 3.5, 10.2],
			"rotation": {"angle": -45, "axis": "y", "origin": [8, 8, 8]},
			"faces": {
				"north": {"uv": [3, 0, 6, 16], "rotation": 90, "texture": "#1"},
				"east": {"uv": [6, 6, 10, 10], "rotation": 90, "texture": "#0"},
				"south": {"uv": [9, 0, 12, 16], "rotation": 270, "texture": "#1"},
				"west": {"uv": [6, 6, 10, 10], "rotation": 90, "texture": "#0"},
				"up": {"uv": [0, 0, 3, 16], "rotation": 270, "texture": "#1"},
				"down": {"uv": [6, 0, 9, 16], "rotation": 270, "texture": "#1"}
			}
		},
		{
			"from": [-2, 0, 6.5],
			"to": [18, 3.7, 10.2],
			"rotation": {"angle": 45, "axis": "y", "origin": [8, 8, 8]},
			"faces": {
				"north": {"uv": [3, 0, 6, 16], "rotation": 90, "texture": "#1"},
				"east": {"uv": [6, 6, 10, 10], "rotation": 90, "texture": "#0"},
				"south": {"uv": [9, 0, 12, 16], "rotation": 270, "texture": "#1"},
				"west": {"uv": [6, 6, 10, 10], "rotation": 90, "texture": "#0"},
				"up": {"uv": [0, 0, 3, 16], "rotation": 270, "texture": "#1"},
				"down": {"uv": [6, 0, 9, 16], "rotation": 270, "texture": "#1"}
			}
		},
		{
			"from": [6.5, 0, -2],
			"to": [10.2, 3, 18],
			"faces": {
				"north": {"uv": [6, 6, 10, 9.7], "texture": "#0"},
				"east": {"uv": [9, 0, 12, 16], "rotation": 270, "texture": "#1"},
				"south": {"uv": [6, 6, 10, 9.7], "texture": "#0"},
				"west": {"uv": [3, 0, 6, 16], "rotation": 90, "texture": "#1"},
				"up": {"uv": [0, 0, 3, 16], "rotation": 180, "texture": "#1"},
				"down": {"uv": [6, 0, 9, 16], "texture": "#1"}
			}
		},
		{
			"from": [-2, 0, 5.8],
			"to": [18, 2.7, 9.5],
			"faces": {
				"north": {"uv": [9, 0, 12, 16], "rotation": 270, "texture": "#1"},
				"east": {"uv": [6, 6, 10, 8.7], "texture": "#0"},
				"south": {"uv": [3, 0, 6, 16], "rotation": 90, "texture": "#1"},
				"west": {"uv": [6, 6, 10, 10], "rotation": 90, "texture": "#0"},
				"up": {"uv": [0, 0, 3, 16], "rotation": 90, "texture": "#1"},
				"down": {"uv": [6, 0, 9, 16], "rotation": 90, "texture": "#1"}
			}
		},
		{
			"from": [0, 0, 8],
			"to": [16, 16, 8],
			"rotation": {"angle": 45, "axis": "y", "origin": [8, 8, 8]},
			"faces": {
				"north": {"uv": [0, 0, 16, 16], "texture": "#2"},
				"east": {"uv": [0, 0, 16, 16], "texture": "#2"},
				"south": {"uv": [0, 0, 16, 16], "texture": "#2"},
				"west": {"uv": [0, 0, 16, 16], "texture": "#2"},
				"up": {"uv": [0, 0, 16, 16], "texture": "#2"},
				"down": {"uv": [0, 0, 16, 16], "texture": "#2"}
			}
		},
		{
			"from": [8, 0, 0],
			"to": [8, 16, 16],
			"rotation": {"angle": 45, "axis": "y", "origin": [8, 8, 8]},
			"faces": {
				"north": {"uv": [0, 0, 16, 16], "texture": "#2"},
				"east": {"uv": [0, 0, 16, 16], "texture": "#2"},
				"south": {"uv": [0, 0, 16, 16], "texture": "#2"},
				"west": {"uv": [0, 0, 16, 16], "texture": "#2"},
				"up": {"uv": [0, 0, 16, 16], "texture": "#2"},
				"down": {"uv": [0, 0, 16, 16], "texture": "#2"}
			}
		}
	]
}